assets,list selection numpy,list selection qoao,list selection vqe,numpy value,qoao value,vqe value
"['AXSUSDT' 'BADGERUSDT' 'APTUSDT' 'AAVEUSDT' 'DENTUSDT' 'AUDIOUSDT'
 'ADXUSDT' 'ATOMUSDT' 'BTTCUSDT']","[0, 0, 0, 1, 1, 0, 0, 1, 1]","[0, 0, 0, 1, 1, 0, 0, 1, 1]","[0, 1, 0, 1, 0, 0, 0, 1, 1]",0.016115906898260406,0.016115906898260406,0.016120169606969395
"['ACAUSDT' 'DARUSDT' 'DENTUSDT' 'XRPUSDT' 'BLZUSDT' 'BSWUSDT' 'ADAUSDT'
 'BNBUSDT' 'COMPUSDT']","[0, 0, 1, 1, 0, 0, 0, 1, 1]","[0, 0, 1, 1, 0, 0, 0, 1, 1]","[0, 0, 1, 1, 0, 0, 0, 1, 1]",0.008551824727447751,0.008551824727447751,0.008551824727447751
"['DENTUSDT' 'AUDIOUSDT' 'BURGERUSDT' 'ARDRUSDT' 'AVABUSD' 'ASTRUSDT'
 'CLVUSDT' 'ALCXUSDT' 'BELUSDT']","[1, 0, 0, 1, 0, 0, 0, 1, 1]","[1, 0, 0, 1, 0, 0, 0, 1, 1]","[1, 0, 0, 1, 0, 0, 0, 1, 1]",0.020175068736498665,0.020175068736498665,0.020175068736498665
"['BARUSDT' 'AVAXUSDT' 'BLZUSDT' 'DIAUSDT' 'CELRUSDT' 'ALICEUSDT' 'C98USDT'
 'CAKEUSDT' 'CKBUSDT']","[0, 1, 1, 1, 0, 0, 0, 0, 1]","[0, 1, 1, 1, 0, 0, 0, 0, 1]","[0, 1, 1, 1, 0, 0, 0, 0, 1]",0.02899629297620258,0.02899629297620258,0.02899629297620258
"['CHZUSDT' 'AAVEUSDT' 'DFUSDT' 'CFXUSDT' 'AVAUSDT' 'DENTUSDT' 'ALPACAUSDT'
 'BIFIUSDT' 'BETAUSDT']","[0, 1, 0, 0, 0, 1, 0, 1, 1]","[0, 1, 0, 0, 0, 1, 0, 1, 1]","[0, 1, 0, 0, 1, 0, 0, 1, 1]",0.014608670775900308,0.014608670775900308,0.015634778325669473
"['CHRUSDT' 'CELRUSDT' 'XRPUSDT' 'CITYUSDT' 'BTCUSDT' 'ANKRUSDT' 'ANTUSDT'
 'CVPUSDT' 'ADAUPUSDT']","[1, 0, 1, 0, 1, 0, 1, 0, 0]","[1, 0, 1, 0, 1, 0, 1, 0, 0]","[1, 0, 1, 0, 1, 0, 1, 0, 0]",0.0037270894758845924,0.0037270894758845924,0.0037270894758845924
"['ADAUPUSDT' 'BNXUSDT' 'AGLDUSDT' 'CITYUSDT' 'CHRUSDT' 'DFUSDT' 'ALCXUSDT'
 'CTKUSDT' 'ATAUSDT']","[0, 0, 1, 0, 1, 0, 1, 1, 0]","[0, 0, 1, 0, 1, 0, 1, 1, 0]","[0, 0, 1, 0, 1, 0, 1, 1, 0]",0.012045910485105844,0.012045910485105844,0.012045910485105844
"['DASHUSDT' 'DATAUSDT' 'ALICEUSDT' 'ASTRUSDT' 'APTUSDT' 'ALPINEUSDT'
 '1INCHUSDT' 'BTTCUSDT' 'CLVUSDT']","[1, 1, 0, 1, 0, 0, 0, 1, 0]","[1, 1, 0, 1, 0, 0, 0, 1, 0]","[1, 1, 0, 1, 0, 0, 0, 1, 0]",0.026747695707944812,0.026747695707944812,0.026747695707944812
"['C98USDT' 'DGBUSDT' 'API3USDT' 'BTCUPUSDT' 'ALPACAUSDT' 'DEGOUSDT'
 'BADGERUSDT' 'ADAUPUSDT' 'CLVUSDT']","[0, 1, 0, 1, 0, 1, 1, 0, 0]","[0, 1, 0, 1, 0, 1, 1, 0, 0]","[0, 1, 1, 1, 0, 0, 1, 0, 0]",0.01838922283598266,0.01838922283598266,0.019284377793926857
"['ASTRUSDT' 'AXSUSDT' 'ATOMUSDT' 'BLZUSDT' 'CHESSUSDT' 'DOCKUSDT'
 'DGBUSDT' 'BURGERUSDT' 'DIAUSDT']","[0, 1, 1, 0, 0, 1, 1, 0, 0]","[0, 1, 1, 0, 0, 1, 1, 0, 0]","[0, 1, 1, 0, 0, 1, 1, 0, 0]",0.02226860321287378,0.02226860321287378,0.02226860321287378
"['ARDRUSDT' 'BETAUSDT' 'BUSDUSDT' 'ASTRUSDT' 'ACHUSDT' 'AGIXUSDT'
 'DODOUSDT' 'BTCUSDT' 'CELOUSDT']","[1, 1, 1, 0, 0, 0, 0, 1, 0]","[1, 1, 1, 0, 0, 0, 0, 1, 0]","[0, 1, 1, 0, 0, 1, 0, 1, 0]",0.008126565528114842,0.008126565528114842,0.010448812701680136
"['AVABUSD' 'DASHUSDT' 'ACHUSDT' 'CLVUSDT' 'ADADOWNUSDT' 'ALPHAUSDT'
 'CITYUSDT' 'COMPUSDT' 'ACMUSDT']","[1, 1, 0, 0, 1, 0, 0, 1, 0]","[1, 1, 0, 0, 1, 0, 0, 1, 0]","[1, 0, 0, 0, 1, 1, 0, 1, 0]",0.0072581407432338275,0.0072581407432338275,0.007348530688643865
"['BALUSDT' 'AUCTIONUSDT' 'ALPHAUSDT' 'BIFIUSDT' 'COMPUSDT' 'DEGOUSDT'
 'ASRUSDT' 'DGBUSDT' 'BNBUPUSDT']","[1, 0, 0, 1, 1, 0, 1, 0, 0]","[1, 0, 0, 1, 1, 0, 1, 0, 0]","[1, 0, 0, 1, 1, 0, 1, 0, 0]",0.009804008916456084,0.009804008916456084,0.009804008916456084
"['ALPHAUSDT' 'BUSDUSDT' 'DFUSDT' 'BTCUPUSDT' 'AXSUSDT' 'CTSIUSDT'
 'CLVUSDT' 'BARUSDT' 'AMPUSDT']","[1, 1, 0, 1, 1, 0, 0, 0, 0]","[1, 1, 0, 1, 1, 0, 0, 0, 0]","[1, 1, 0, 1, 1, 0, 0, 0, 0]",0.01146708732551391,0.01146708732551391,0.01146708732551391
"['COTIUSDT' 'CTKUSDT' 'BETAUSDT' 'BLZUSDT' 'AVAUSDT' 'ANTUSDT' 'BTTCUSDT'
 'AUDIOUSDT' 'ARPAUSDT']","[0, 0, 1, 0, 0, 1, 1, 0, 1]","[0, 0, 1, 0, 0, 1, 1, 0, 1]","[0, 0, 1, 0, 0, 1, 1, 0, 1]",0.004001180555415027,0.004001180555415027,0.004001180555415027
"['CITYUSDT' '1INCHUSDT' 'DIAUSDT' 'ARBUSDT' 'ACHUSDT' 'BNXUSDT'
 'BTCUPUSDT' 'DENTUSDT' 'DARUSDT']","[0, 0, 1, 1, 0, 0, 1, 1, 0]","[0, 0, 1, 1, 0, 0, 1, 1, 0]","[0, 0, 1, 1, 0, 0, 1, 1, 0]",0.017354197382138614,0.017354197382138614,0.017354197382138614
"['ADXUSDT' 'CHRUSDT' 'AUCTIONUSDT' 'BTSUSDT' 'COTIUSDT' 'DATAUSDT'
 'ASRUSDT' 'BLZUSDT' 'ALCXUSDT']","[0, 1, 0, 1, 0, 0, 1, 0, 1]","[0, 1, 0, 1, 0, 0, 1, 0, 1]","[0, 1, 0, 1, 0, 0, 1, 0, 1]",0.016450689101260844,0.016450689101260844,0.016450689101260844
"['BAKEUSDT' 'CTXCUSDT' 'C98USDT' 'CITYUSDT' 'COMPUSDT' 'ALPHAUSDT'
 'BUSDUSDT' 'BNBDOWNUSDT' 'AVAUSDT']","[0, 0, 0, 0, 1, 0, 1, 1, 1]","[0, 0, 0, 0, 1, 0, 1, 1, 1]","[0, 0, 0, 0, 1, 0, 1, 1, 1]",-0.007854241461477778,-0.007854241461477778,-0.007854241461477778
"['APEUSDT' 'COSUSDT' 'CAKEUSDT' 'XRPUSDT' 'ETHUSDT' 'SOLUSDT' 'BADGERUSDT'
 'ASRUSDT' 'DASHUSDT']","[0, 0, 0, 1, 1, 1, 0, 1, 0]","[0, 0, 0, 1, 1, 1, 0, 1, 0]","[0, 0, 0, 1, 1, 1, 0, 1, 0]",0.009485257256697022,0.009485257256697022,0.009485257256697022
"['DCRUSDT' 'CELOUSDT' 'ANTUSDT' 'APTUSDT' 'CVXUSDT' 'ARUSDT' 'ARBUSDT'
 'ALPACAUSDT' 'BICOUSDT']","[1, 1, 1, 0, 0, 0, 1, 0, 0]","[1, 1, 1, 0, 0, 0, 1, 0, 0]","[1, 1, 1, 0, 0, 0, 1, 0, 0]",0.011670561645810654,0.011670561645810654,0.011670561645810654
"['CHZUSDT' 'AVAXUSDT' 'XRPUSDT' 'CHESSUSDT' 'ANTUSDT' 'COTIUSDT'
 'ALICEUSDT' 'CELOUSDT' 'DODOUSDT']","[0, 1, 1, 0, 1, 0, 0, 1, 0]","[0, 1, 1, 0, 1, 0, 0, 1, 0]","[0, 1, 1, 0, 1, 0, 0, 1, 0]",0.011398689166372246,0.011398689166372246,0.011398689166372246
"['CTXCUSDT' 'ARBUSDT' 'ADADOWNUSDT' 'DFUSDT' 'BNBDOWNUSDT' 'CLVUSDT'
 'AKROUSDT' 'CRVUSDT' 'BETAUSDT']","[0, 1, 1, 0, 1, 0, 1, 0, 0]","[0, 1, 1, 0, 1, 0, 1, 0, 0]","[0, 1, 1, 0, 1, 0, 1, 0, 0]",-0.006586974589981284,-0.006586974589981284,-0.006586974589981284
"['DENTUSDT' 'BURGERUSDT' 'ACMUSDT' 'BNBUPUSDT' 'ARBUSDT' 'ACAUSDT'
 'DFUSDT' 'DCRUSDT' 'BTSUSDT']","[1, 0, 0, 0, 1, 0, 0, 1, 1]","[1, 0, 0, 0, 1, 0, 0, 1, 1]","[1, 0, 0, 0, 1, 0, 0, 1, 1]",0.013851206791800725,0.013851206791800725,0.013851206791800725
"['CRVUSDT' 'ADAUSDT' 'ETHUSDT' 'ARBUSDT' 'BURGERUSDT' 'AAVEUSDT' 'C98USDT'
 'CAKEUSDT' 'AGIXUSDT']","[1, 0, 1, 1, 0, 1, 0, 0, 0]","[1, 0, 1, 1, 0, 1, 0, 0, 0]","[1, 0, 1, 1, 0, 1, 0, 0, 0]",0.012695789145974811,0.012695789145974811,0.012695789145974811
"['DARUSDT' 'BURGERUSDT' 'COMPUSDT' '1INCHUSDT' 'ATOMUSDT' 'BLZUSDT'
 'CHESSUSDT' 'ACHUSDT' 'BALUSDT']","[0, 0, 1, 0, 1, 1, 0, 0, 1]","[0, 0, 1, 0, 1, 1, 0, 0, 1]","[0, 0, 1, 0, 1, 1, 0, 0, 1]",0.01478103410174962,0.01478103410174962,0.01478103410174962
"['BARUSDT' 'CRVUSDT' 'BICOUSDT' 'CHRUSDT' 'AVAUSDT' 'AUCTIONUSDT'
 'ARDRUSDT' 'CTXCUSDT' 'BSWUSDT']","[0, 1, 0, 1, 1, 0, 1, 0, 0]","[0, 1, 0, 1, 1, 0, 1, 0, 0]","[0, 1, 0, 1, 1, 0, 1, 0, 0]",0.022419129786595916,0.022419129786595916,0.022419129786595916
"['AXSUSDT' 'BICOUSDT' 'BNBDOWNUSDT' 'ADADOWNUSDT' 'CAKEUSDT' 'ALICEUSDT'
 'BNBUPUSDT' 'BONDUSDT' 'BARUSDT']","[1, 0, 1, 1, 0, 0, 0, 1, 0]","[1, 0, 1, 1, 0, 0, 0, 1, 0]","[1, 0, 1, 1, 0, 0, 0, 1, 0]",0.00019826145173375926,0.00019826145173375926,0.00019826145173375926
"['DGBUSDT' 'DOCKUSDT' 'ADXUSDT' 'CVXUSDT' 'ADADOWNUSDT' 'CTSIUSDT'
 'AAVEUSDT' 'BNBDOWNUSDT' 'AXSUSDT']","[0, 1, 0, 0, 1, 0, 1, 1, 0]","[0, 1, 0, 0, 1, 0, 1, 1, 0]","[0, 1, 0, 0, 1, 0, 1, 1, 0]",-0.004298328679358457,-0.004298328679358457,-0.004298328679358457
"['DGBUSDT' 'BNXUSDT' 'BIFIUSDT' 'DODOUSDT' 'CELOUSDT' 'BURGERUSDT'
 'AMBUSDT' 'AUCTIONUSDT' 'CTKUSDT']","[1, 0, 1, 0, 0, 0, 0, 1, 1]","[1, 0, 1, 0, 0, 0, 0, 1, 1]","[1, 0, 1, 0, 0, 0, 0, 1, 1]",0.020685494022989595,0.020685494022989595,0.020685494022989595
"['ACMUSDT' 'BTCUSDT' 'ALCXUSDT' 'ASRUSDT' 'DODOUSDT' 'DARUSDT' 'BIFIUSDT'
 'BTCUPUSDT' 'BLZUSDT']","[0, 1, 0, 1, 0, 0, 1, 1, 0]","[0, 1, 0, 1, 0, 0, 1, 1, 0]","[0, 1, 0, 1, 0, 0, 1, 1, 0]",0.008008447499739928,0.008008447499739928,0.008008447499739928
"['APTUSDT' 'BTTCUSDT' 'AUCTIONUSDT' 'AAVEUSDT' 'APEUSDT' '1INCHUSDT'
 'CTSIUSDT' 'BANDUSDT' 'ADAUSDT']","[0, 1, 1, 1, 0, 0, 0, 0, 1]","[0, 1, 1, 1, 0, 0, 0, 0, 1]","[0, 1, 0, 1, 0, 0, 0, 1, 1]",0.019877172664024736,0.019877172664024736,0.020231990375878552
"['AVABUSD' 'AXSUSDT' 'CHZUSDT' 'ARDRUSDT' 'BANDUSDT' 'AAVEUSDT' 'AMPUSDT'
 'AVAUSDT' 'DATAUSDT']","[0, 1, 0, 1, 0, 1, 0, 1, 0]","[0, 1, 0, 1, 0, 1, 0, 1, 0]","[0, 1, 0, 1, 0, 1, 0, 1, 0]",0.019707557176094813,0.019707557176094813,0.019707557176094813
"['BETAUSDT' 'ALGOUSDT' 'COMPUSDT' 'CAKEUSDT' 'BTSUSDT' 'AGIXUSDT'
 'BONDUSDT' 'CHRUSDT' 'BELUSDT']","[1, 0, 1, 0, 1, 0, 0, 0, 1]","[1, 0, 1, 0, 1, 0, 0, 0, 1]","[1, 0, 1, 0, 1, 0, 0, 0, 1]",0.008412062400560383,0.008412062400560383,0.008412062400560383
"['BLZUSDT' 'AVAXUSDT' 'ACHUSDT' 'BNBUPUSDT' 'CTSIUSDT' 'ARDRUSDT'
 'COMPUSDT' 'BUSDUSDT' 'CVPUSDT']","[0, 1, 0, 0, 0, 1, 1, 1, 0]","[0, 1, 0, 0, 0, 1, 1, 1, 0]","[0, 1, 0, 0, 0, 1, 1, 1, 0]",0.008209118534899345,0.008209118534899345,0.008209118534899345
"['DFUSDT' 'BNXUSDT' 'SOLUSDT' 'CRVUSDT' 'CHRUSDT' 'BATUSDT' 'C98USDT'
 'CFXUSDT' 'AUCTIONUSDT']","[0, 0, 1, 1, 1, 1, 0, 0, 0]","[0, 0, 1, 1, 1, 1, 0, 0, 0]","[0, 0, 1, 1, 1, 1, 0, 0, 0]",0.02128124110702101,0.02128124110702101,0.02128124110702101
"['BTCUSDT' 'ARBUSDT' 'AVAUSDT' 'BETAUSDT' 'BNXUSDT' 'DFUSDT' 'BIFIUSDT'
 'ALICEUSDT' 'BNBDOWNUSDT']","[1, 1, 0, 1, 0, 0, 0, 0, 1]","[1, 1, 0, 1, 0, 0, 0, 0, 1]","[1, 1, 0, 1, 0, 0, 0, 0, 1]",-0.0036509019088573486,-0.0036509019088573486,-0.0036509019088573486
"['DCRUSDT' 'BSWUSDT' 'ADADOWNUSDT' 'CLVUSDT' 'CRVUSDT' 'BAKEUSDT'
 'ANKRUSDT' 'BETAUSDT' 'AVABUSD']","[1, 0, 1, 0, 1, 0, 0, 1, 0]","[1, 0, 1, 0, 1, 0, 0, 1, 0]","[1, 0, 1, 0, 1, 0, 0, 1, 0]",0.008808620307041375,0.008808620307041375,0.008808620307041375
"['ALICEUSDT' 'API3USDT' 'CVPUSDT' 'ATMUSDT' 'DIAUSDT' 'ASRUSDT' 'ADAUSDT'
 'BARUSDT' 'CVXUSDT']","[0, 0, 1, 1, 0, 1, 1, 0, 0]","[0, 0, 1, 1, 0, 1, 1, 0, 0]","[0, 0, 1, 1, 0, 1, 1, 0, 0]",0.022114493748363363,0.022114493748363363,0.022114493748363363
"['BTCUPUSDT' 'BUSDUSDT' 'ADXUSDT' 'BICOUSDT' 'CHZUSDT' 'DODOUSDT'
 'ACMUSDT' 'AVAXUSDT' 'CAKEUSDT']","[1, 1, 1, 0, 0, 0, 0, 1, 0]","[1, 1, 1, 0, 0, 0, 0, 1, 0]","[1, 1, 1, 0, 0, 0, 0, 1, 0]",0.010925305525871072,0.010925305525871072,0.010925305525871072
"['CRVUSDT' 'ANTUSDT' 'BIFIUSDT' 'BNBUPUSDT' 'ALICEUSDT' 'COTIUSDT'
 'BALUSDT' 'BELUSDT' 'ALPACAUSDT']","[0, 1, 1, 0, 0, 0, 1, 1, 0]","[0, 1, 1, 0, 0, 0, 1, 1, 0]","[0, 1, 1, 0, 0, 0, 1, 1, 0]",0.011333307768784651,0.011333307768784651,0.011333307768784651
"['BADGERUSDT' 'BSWUSDT' 'AMPUSDT' 'BUSDUSDT' 'CHRUSDT' 'AVAUSDT' 'BELUSDT'
 'CRVUSDT' 'BNXUSDT']","[1, 0, 0, 1, 1, 0, 1, 0, 0]","[1, 0, 0, 1, 1, 0, 1, 0, 0]","[1, 0, 0, 1, 1, 0, 1, 0, 0]",0.014150838466816508,0.014150838466816508,0.014150838466816508
"['AXSUSDT' 'BURGERUSDT' 'AKROUSDT' 'COTIUSDT' 'BAKEUSDT' 'BLZUSDT'
 'CHZUSDT' 'COMPUSDT' 'ATAUSDT']","[1, 0, 1, 0, 0, 1, 0, 1, 0]","[1, 0, 1, 0, 0, 1, 0, 1, 0]","[1, 0, 1, 0, 0, 1, 0, 1, 0]",0.009415350405035926,0.009415350405035926,0.009415350405035926
"['ANKRUSDT' 'ADXUSDT' 'BSWUSDT' 'BALUSDT' 'ALPACAUSDT' 'BANDUSDT'
 'CRVUSDT' 'ASRUSDT' 'DEGOUSDT']","[0, 1, 0, 1, 0, 0, 1, 1, 0]","[0, 1, 0, 1, 0, 0, 1, 1, 0]","[0, 1, 0, 1, 0, 0, 1, 1, 0]",0.019592162357957913,0.019592162357957913,0.019592162357957913
"['ATMUSDT' 'DARUSDT' 'ALGOUSDT' 'BATUSDT' 'ANTUSDT' 'APTUSDT' 'ALCXUSDT'
 'DGBUSDT' 'DOCKUSDT']","[1, 0, 0, 1, 1, 0, 1, 0, 0]","[1, 0, 0, 1, 1, 0, 1, 0, 0]","[1, 0, 0, 1, 1, 0, 1, 0, 0]",0.011883751967233225,0.011883751967233225,0.011883751967233225
"['CITYUSDT' 'ATAUSDT' 'APEUSDT' 'AGIXUSDT' 'DODOUSDT' 'ALICEUSDT'
 'ALCXUSDT' 'ATOMUSDT' 'AVAUSDT']","[0, 0, 0, 1, 0, 0, 1, 1, 1]","[0, 0, 0, 1, 0, 0, 1, 1, 1]","[0, 0, 0, 1, 0, 0, 1, 1, 1]",0.023594040765214756,0.023594040765214756,0.023594040765214756
"['ADADOWNUSDT' 'CHZUSDT' 'DENTUSDT' 'BURGERUSDT' 'BIFIUSDT' 'AAVEUSDT'
 'BLZUSDT' 'AVAXUSDT' 'CELRUSDT']","[1, 0, 1, 0, 1, 1, 0, 0, 0]","[1, 0, 1, 0, 1, 1, 0, 0, 0]","[1, 0, 1, 0, 1, 1, 0, 0, 0]",0.0064746535249401525,0.0064746535249401525,0.0064746535249401525
"['ALPACAUSDT' 'AVAXUSDT' 'DIAUSDT' 'BLZUSDT' 'API3USDT' 'CRVUSDT' 'DFUSDT'
 'DENTUSDT' 'APEUSDT']","[0, 1, 1, 0, 0, 1, 0, 1, 0]","[0, 1, 1, 0, 0, 1, 0, 1, 0]","[0, 1, 1, 0, 0, 1, 0, 1, 0]",0.02396392418003593,0.02396392418003593,0.02396392418003593
"['BATUSDT' 'CITYUSDT' 'DATAUSDT' 'CRVUSDT' 'AAVEUSDT' 'CHZUSDT'
 'BTCUPUSDT' 'ALGOUSDT' 'ALPINEUSDT']","[1, 0, 0, 1, 1, 0, 1, 0, 0]","[1, 0, 0, 1, 1, 0, 1, 0, 0]","[1, 0, 0, 1, 1, 0, 1, 0, 0]",0.013325044466132963,0.013325044466132963,0.013325044466132963
"['ATAUSDT' 'AUDIOUSDT' 'ALCXUSDT' 'CTXCUSDT' 'CAKEUSDT' 'COSUSDT' 'ARUSDT'
 'API3USDT' 'SOLUSDT']","[0, 0, 1, 1, 0, 1, 0, 0, 1]","[0, 0, 1, 1, 0, 1, 0, 0, 1]","[0, 0, 1, 1, 0, 1, 0, 0, 1]",0.021084711275795254,0.021084711275795254,0.021084711275795254
"['ALPINEUSDT' 'CHZUSDT' 'ALICEUSDT' 'BICOUSDT' 'APEUSDT' 'CHRUSDT'
 'BTCUSDT' 'CHESSUSDT' 'DATAUSDT']","[1, 0, 0, 0, 0, 1, 1, 0, 1]","[1, 0, 0, 0, 0, 1, 1, 0, 1]","[1, 0, 0, 0, 0, 1, 1, 0, 1]",0.020792104068310724,0.020792104068310724,0.020792104068310724
"['BSWUSDT' 'DARUSDT' 'BELUSDT' 'ADXUSDT' 'ARDRUSDT' 'BIFIUSDT' 'DFUSDT'
 'ADADOWNUSDT' 'BATUSDT']","[0, 0, 1, 0, 0, 1, 0, 1, 1]","[0, 0, 1, 0, 0, 1, 0, 1, 1]","[0, 0, 1, 0, 0, 1, 0, 1, 1]",0.009740301524608492,0.009740301524608492,0.009740301524608492
"['AGLDUSDT' 'BTCUSDT' 'CELRUSDT' 'AVAXUSDT' 'BELUSDT' 'AAVEUSDT'
 'ALPACAUSDT' 'ANTUSDT' 'AKROUSDT']","[1, 1, 0, 0, 0, 0, 0, 1, 1]","[1, 1, 0, 0, 0, 0, 0, 1, 1]","[1, 0, 0, 0, 0, 1, 0, 1, 1]",-0.005022102194637975,-0.005022102194637975,-0.003957373404140867
"['DFUSDT' 'C98USDT' 'DARUSDT' 'CELRUSDT' 'CHESSUSDT' 'AKROUSDT' 'AAVEUSDT'
 'APTUSDT' 'BNBDOWNUSDT']","[0, 0, 0, 1, 0, 1, 1, 0, 1]","[0, 0, 0, 1, 0, 1, 1, 0, 1]","[0, 0, 0, 1, 0, 1, 1, 0, 1]",-0.003164110589752549,-0.003164110589752549,-0.003164110589752549
"['BICOUSDT' 'CHESSUSDT' 'XRPUSDT' 'BADGERUSDT' 'CRVUSDT' 'CHRUSDT'
 'ARBUSDT' 'BUSDUSDT' 'ALCXUSDT']","[0, 0, 1, 0, 0, 0, 1, 1, 1]","[0, 0, 1, 0, 0, 0, 1, 1, 1]","[0, 0, 1, 0, 0, 0, 1, 1, 1]",0.008555562935264188,0.008555562935264188,0.008555562935264188
"['1INCHUSDT' 'ALCXUSDT' 'DIAUSDT' 'CELRUSDT' 'ALGOUSDT' 'CKBUSDT'
 'DGBUSDT' 'CITYUSDT' 'ADAUPUSDT']","[0, 1, 1, 0, 0, 1, 1, 0, 0]","[0, 1, 1, 0, 0, 1, 1, 0, 0]","[0, 1, 1, 0, 1, 0, 1, 0, 0]",0.025315540850668568,0.025315540850668568,0.025513312450434308
"['ATMUSDT' 'ARUSDT' 'ACAUSDT' 'DIAUSDT' 'AAVEUSDT' 'ALCXUSDT' 'CRVUSDT'
 'AVAUSDT' 'ADXUSDT']","[1, 0, 0, 0, 1, 1, 0, 0, 1]","[1, 0, 0, 0, 1, 1, 0, 0, 1]","[1, 0, 0, 0, 1, 1, 0, 1, 0]",0.01611942625651245,0.01611942625651245,0.016857995976697675
"['C98USDT' 'AGLDUSDT' 'ADAUSDT' 'DOCKUSDT' 'CLVUSDT' 'CELRUSDT' 'ACHUSDT'
 'AUDIOUSDT' 'ARUSDT']","[0, 1, 1, 1, 0, 0, 0, 0, 1]","[0, 1, 1, 1, 0, 0, 0, 0, 1]","[0, 1, 1, 1, 0, 0, 0, 0, 1]",0.017516684968231444,0.017516684968231444,0.017516684968231444
"['AGIXUSDT' 'CITYUSDT' 'BADGERUSDT' 'BSWUSDT' 'CAKEUSDT' 'COMPUSDT'
 'BTTCUSDT' 'DASHUSDT' 'ALPACAUSDT']","[0, 0, 1, 0, 0, 1, 1, 1, 0]","[0, 0, 1, 0, 0, 1, 1, 1, 0]","[0, 0, 1, 0, 0, 1, 1, 1, 0]",0.014104810617785032,0.014104810617785032,0.014104810617785032
"['AVABUSD' 'ATOMUSDT' 'COMPUSDT' 'BURGERUSDT' 'ETHUSDT' 'ASTRUSDT'
 'CTXCUSDT' 'BSWUSDT' 'AGLDUSDT']","[0, 1, 1, 0, 1, 0, 0, 0, 1]","[0, 1, 1, 0, 1, 0, 0, 0, 1]","[0, 1, 1, 0, 1, 0, 0, 0, 1]",0.00035593242959440323,0.00035593242959440323,0.00035593242959440323
"['DEGOUSDT' 'ALPINEUSDT' 'DATAUSDT' 'COTIUSDT' 'AUCTIONUSDT' 'DENTUSDT'
 'CHESSUSDT' 'APTUSDT' 'ALPHAUSDT']","[1, 0, 0, 0, 1, 1, 0, 0, 1]","[1, 0, 0, 0, 1, 1, 0, 0, 1]","[1, 0, 0, 0, 1, 1, 0, 0, 1]",0.024861878317293105,0.024861878317293105,0.024861878317293105
"['CELRUSDT' 'AUCTIONUSDT' 'CTKUSDT' 'CHRUSDT' 'CVXUSDT' 'BADGERUSDT'
 'BSWUSDT' 'ARDRUSDT' 'ANKRUSDT']","[0, 0, 1, 1, 0, 1, 0, 1, 0]","[0, 0, 1, 1, 0, 1, 0, 1, 0]","[0, 0, 1, 1, 0, 1, 0, 1, 0]",0.020602518380641442,0.020602518380641442,0.020602518380641442
"['AUDIOUSDT' 'BALUSDT' 'BNXUSDT' 'CITYUSDT' 'AUCTIONUSDT' 'BSWUSDT'
 'DFUSDT' 'BETAUSDT' 'CFXUSDT']","[0, 1, 0, 0, 1, 0, 1, 1, 0]","[0, 1, 0, 0, 1, 0, 1, 1, 0]","[0, 1, 0, 0, 1, 0, 1, 1, 0]",0.023296078317334473,0.023296078317334473,0.023296078317334473
"['BONDUSDT' 'DIAUSDT' 'CTKUSDT' 'AUDIOUSDT' 'BNBUSDT' 'CAKEUSDT'
 'ASTRUSDT' 'BALUSDT' 'ANKRUSDT']","[1, 0, 1, 0, 1, 0, 0, 1, 0]","[1, 0, 1, 0, 1, 0, 0, 1, 0]","[1, 0, 1, 0, 1, 0, 0, 1, 0]",0.020283611232819253,0.020283611232819253,0.020283611232819253
"['AAVEUSDT' 'DARUSDT' 'CTSIUSDT' 'DATAUSDT' '1INCHUSDT' 'ARPAUSDT'
 'CITYUSDT' 'ACHUSDT' 'ARBUSDT']","[1, 0, 0, 1, 0, 1, 0, 0, 1]","[1, 0, 0, 1, 0, 1, 0, 0, 1]","[1, 0, 0, 1, 0, 1, 0, 0, 1]",0.010945586186891652,0.010945586186891652,0.010945586186891652
"['CFXUSDT' 'ATAUSDT' 'DIAUSDT' 'APEUSDT' 'ADAUPUSDT' 'DATAUSDT' 'C98USDT'
 'DOCKUSDT' 'AUCTIONUSDT']","[0, 0, 1, 0, 0, 1, 0, 1, 1]","[0, 0, 1, 0, 0, 1, 0, 1, 1]","[0, 0, 1, 0, 0, 1, 0, 1, 1]",0.027379582536970905,0.027379582536970905,0.027379582536970905
"['CHRUSDT' 'C98USDT' 'ASTRUSDT' 'BELUSDT' 'BICOUSDT' 'ALPINEUSDT'
 'CKBUSDT' 'BNBDOWNUSDT' 'AGIXUSDT']","[1, 0, 1, 1, 0, 0, 0, 1, 0]","[1, 0, 1, 1, 0, 0, 0, 1, 0]","[1, 0, 1, 1, 0, 0, 0, 1, 0]",0.005649814304824314,0.005649814304824314,0.005649814304824314
"['ALPINEUSDT' 'AGLDUSDT' 'BNBDOWNUSDT' 'ALGOUSDT' 'CHRUSDT' 'ALICEUSDT'
 'BAKEUSDT' 'C98USDT' 'COSUSDT']","[0, 1, 1, 0, 1, 0, 0, 0, 1]","[0, 1, 1, 0, 1, 0, 0, 0, 1]","[0, 1, 1, 0, 1, 0, 0, 0, 1]",-0.003333600337448453,-0.003333600337448453,-0.003333600337448453
"['BTSUSDT' 'DCRUSDT' 'CELOUSDT' 'CVPUSDT' 'ACMUSDT' 'BSWUSDT' 'CHRUSDT'
 'ADADOWNUSDT' 'ARPAUSDT']","[1, 1, 0, 0, 0, 0, 0, 1, 1]","[1, 1, 0, 0, 0, 0, 0, 1, 1]","[1, 0, 1, 0, 0, 0, 0, 1, 1]",0.0013837562406576274,0.0013837562406576274,0.0032592894442032387
"['ADAUSDT' 'CVPUSDT' 'ATAUSDT' 'ADXUSDT' 'BONDUSDT' 'AVAXUSDT' 'CTSIUSDT'
 'ASRUSDT' 'CHRUSDT']","[0, 0, 0, 1, 1, 0, 0, 1, 1]","[0, 0, 0, 1, 1, 0, 0, 1, 1]","[0, 0, 0, 1, 1, 0, 0, 1, 1]",0.02092674316248804,0.02092674316248804,0.02092674316248804
"['ALCXUSDT' 'ARUSDT' 'AVAUSDT' 'BADGERUSDT' 'DASHUSDT' 'DODOUSDT'
 'AUCTIONUSDT' 'CVPUSDT' 'ACHUSDT']","[1, 0, 1, 1, 0, 0, 0, 1, 0]","[1, 0, 1, 1, 0, 0, 0, 1, 0]","[1, 0, 1, 1, 0, 0, 0, 1, 0]",0.022070789265119378,0.022070789265119378,0.022070789265119378
"['BAKEUSDT' 'AKROUSDT' 'ATOMUSDT' 'DASHUSDT' 'ARPAUSDT' 'AXSUSDT'
 'CELRUSDT' 'BLZUSDT' 'ADAUPUSDT']","[0, 1, 1, 1, 1, 0, 0, 0, 0]","[0, 1, 1, 1, 1, 0, 0, 0, 0]","[0, 1, 1, 1, 1, 0, 0, 0, 0]",0.004620901103437637,0.004620901103437637,0.004620901103437637
"['CVXUSDT' 'ALPHAUSDT' 'CRVUSDT' 'C98USDT' 'ATOMUSDT' 'AMPUSDT' 'ANKRUSDT'
 'AGLDUSDT' 'BETAUSDT']","[0, 0, 1, 0, 1, 0, 0, 1, 1]","[0, 0, 1, 0, 1, 0, 0, 1, 1]","[0, 0, 1, 0, 1, 0, 0, 1, 1]",0.011136479190170918,0.011136479190170918,0.011136479190170918
"['BNXUSDT' 'BICOUSDT' 'DFUSDT' 'CKBUSDT' 'CITYUSDT' 'ANKRUSDT' 'BTSUSDT'
 'AGIXUSDT' 'DOCKUSDT']","[0, 0, 0, 1, 0, 1, 1, 0, 1]","[0, 0, 0, 1, 0, 1, 1, 0, 1]","[0, 0, 0, 1, 0, 1, 1, 0, 1]",0.02316342196423015,0.02316342196423015,0.02316342196423015
"['DENTUSDT' 'BAKEUSDT' 'CTKUSDT' 'ALGOUSDT' 'CTSIUSDT' 'ADAUSDT'
 'BUSDUSDT' 'ATMUSDT' 'SOLUSDT']","[1, 0, 0, 0, 0, 0, 1, 1, 1]","[1, 0, 0, 0, 0, 0, 1, 1, 1]","[1, 0, 0, 0, 0, 0, 1, 1, 1]",0.012459651954631182,0.012459651954631182,0.012459651954631182
"['BATUSDT' 'COSUSDT' 'AVAXUSDT' 'BUSDUSDT' 'ANKRUSDT' 'SOLUSDT' 'DOCKUSDT'
 'CHZUSDT' 'AVAUSDT']","[1, 1, 0, 1, 0, 1, 0, 0, 0]","[1, 1, 0, 1, 0, 1, 0, 0, 0]","[1, 1, 0, 1, 0, 1, 0, 0, 0]",0.013550657910700259,0.013550657910700259,0.013550657910700259
"['CTKUSDT' 'ADAUSDT' 'ANTUSDT' 'CVPUSDT' 'APTUSDT' 'ADADOWNUSDT'
 'DASHUSDT' 'BONDUSDT' 'AVAUSDT']","[1, 0, 1, 0, 0, 1, 0, 1, 0]","[1, 0, 1, 0, 0, 1, 0, 1, 0]","[1, 0, 1, 0, 0, 1, 0, 1, 0]",0.005299827137246688,0.005299827137246688,0.005299827137246688
"['BALUSDT' 'DCRUSDT' 'CVPUSDT' 'ANKRUSDT' 'BTTCUSDT' 'CTSIUSDT' 'AMPUSDT'
 'ADADOWNUSDT' 'BLZUSDT']","[1, 1, 0, 0, 1, 0, 0, 1, 0]","[1, 1, 0, 0, 1, 0, 0, 1, 0]","[1, 1, 0, 0, 1, 0, 0, 1, 0]",0.0114290665210636,0.0114290665210636,0.0114290665210636
"['ADAUPUSDT' 'API3USDT' 'CVPUSDT' 'AXSUSDT' 'BELUSDT' 'XRPUSDT' 'DATAUSDT'
 'COSUSDT' 'CHZUSDT']","[0, 0, 0, 1, 1, 1, 0, 1, 0]","[0, 0, 0, 1, 1, 1, 0, 1, 0]","[0, 0, 0, 1, 1, 1, 0, 1, 0]",0.01661851049333303,0.01661851049333303,0.01661851049333303
"['1INCHUSDT' 'COTIUSDT' 'ARUSDT' 'DASHUSDT' 'AGLDUSDT' 'ALPACAUSDT'
 'ATAUSDT' 'SOLUSDT' 'BETAUSDT']","[0, 0, 0, 1, 1, 0, 0, 1, 1]","[0, 0, 0, 1, 1, 0, 0, 1, 1]","[0, 0, 0, 1, 1, 0, 0, 1, 1]",0.012505128865869155,0.012505128865869155,0.012505128865869155
"['BIFIUSDT' 'AMBUSDT' 'ALCXUSDT' 'BSWUSDT' 'COMPUSDT' 'BNBUPUSDT'
 'BLZUSDT' 'AXSUSDT' 'ARDRUSDT']","[1, 0, 1, 0, 1, 0, 0, 0, 1]","[1, 0, 1, 0, 1, 0, 0, 0, 1]","[1, 0, 1, 0, 1, 0, 0, 0, 1]",0.011416229988881053,0.011416229988881053,0.011416229988881053
"['ACMUSDT' 'CRVUSDT' 'BATUSDT' 'AXSUSDT' 'BSWUSDT' 'DEGOUSDT' 'ALPINEUSDT'
 'DIAUSDT' '1INCHUSDT']","[0, 1, 1, 1, 0, 1, 0, 0, 0]","[0, 1, 1, 1, 0, 1, 0, 0, 0]","[0, 1, 1, 1, 0, 1, 0, 0, 0]",0.0243057149884034,0.0243057149884034,0.0243057149884034
"['ADXUSDT' 'BARUSDT' 'AMBUSDT' 'BETAUSDT' 'CTXCUSDT' 'CLVUSDT' 'BALUSDT'
 'CHESSUSDT' 'BICOUSDT']","[1, 0, 0, 1, 1, 0, 1, 0, 0]","[1, 0, 0, 1, 1, 0, 1, 0, 0]","[1, 1, 0, 1, 0, 0, 1, 0, 0]",0.021209389863594344,0.021209389863594344,0.02222429881818922
"['ARUSDT' 'ADADOWNUSDT' 'AGIXUSDT' 'ALPINEUSDT' 'BTCUPUSDT' '1INCHUSDT'
 'BSWUSDT' 'ALPACAUSDT' 'AVAXUSDT']","[0, 1, 1, 0, 1, 0, 0, 0, 1]","[0, 1, 1, 0, 1, 0, 0, 0, 1]","[1, 1, 0, 0, 1, 0, 0, 0, 1]",0.010257170890683375,0.010257170890683375,0.010461661355647533
"['DEGOUSDT' 'AUCTIONUSDT' 'ATAUSDT' 'CVPUSDT' 'ASRUSDT' 'ACHUSDT'
 'DARUSDT' 'DATAUSDT' 'APTUSDT']","[1, 1, 0, 1, 1, 0, 0, 0, 0]","[1, 1, 0, 1, 1, 0, 0, 0, 0]","[1, 1, 0, 1, 1, 0, 0, 0, 0]",0.024417878579293412,0.024417878579293412,0.024417878579293412
"['AVAXUSDT' 'C98USDT' 'ASRUSDT' 'ATAUSDT' 'BUSDUSDT' 'CTSIUSDT' 'BIFIUSDT'
 'DARUSDT' 'ACHUSDT']","[1, 0, 1, 0, 1, 0, 1, 0, 0]","[1, 0, 1, 0, 1, 0, 1, 0, 0]","[1, 0, 1, 0, 1, 0, 1, 0, 0]",0.012810824618266024,0.012810824618266024,0.012810824618266024
"['CELOUSDT' 'AMBUSDT' 'COTIUSDT' 'CHRUSDT' 'DFUSDT' 'BTSUSDT' 'ASRUSDT'
 'AVAXUSDT' 'ANKRUSDT']","[0, 0, 0, 1, 0, 1, 1, 1, 0]","[0, 0, 0, 1, 0, 1, 1, 1, 0]","[0, 0, 0, 1, 0, 1, 1, 1, 0]",0.018141960755880884,0.018141960755880884,0.018141960755880884
"['AMBUSDT' 'AVAUSDT' 'DODOUSDT' 'BICOUSDT' 'BTSUSDT' 'BALUSDT' 'CTKUSDT'
 'XRPUSDT' 'BNBDOWNUSDT']","[0, 0, 0, 0, 1, 0, 1, 1, 1]","[0, 0, 0, 0, 1, 0, 1, 1, 1]","[0, 0, 0, 0, 1, 0, 1, 1, 1]",-0.0008037232484500918,-0.0008037232484500918,-0.0008037232484500918
"['ADAUSDT' 'CHRUSDT' 'BIFIUSDT' 'CVXUSDT' 'DFUSDT' 'COTIUSDT' 'COSUSDT'
 'CVPUSDT' 'BANDUSDT']","[1, 1, 1, 0, 0, 0, 1, 0, 0]","[1, 1, 1, 0, 0, 0, 1, 0, 0]","[1, 1, 1, 0, 0, 0, 1, 0, 0]",0.02004870441236868,0.02004870441236868,0.02004870441236868
"['BAKEUSDT' 'CVXUSDT' 'APTUSDT' 'BANDUSDT' 'ATMUSDT' 'CHZUSDT' 'CLVUSDT'
 'DATAUSDT' 'ARBUSDT']","[0, 1, 0, 0, 1, 0, 0, 1, 1]","[0, 1, 0, 0, 1, 0, 0, 1, 1]","[0, 1, 0, 0, 1, 0, 0, 1, 1]",0.0230575905304959,0.0230575905304959,0.0230575905304959
"['ACMUSDT' 'CFXUSDT' 'DCRUSDT' 'DOCKUSDT' 'BSWUSDT' 'BATUSDT' 'CTXCUSDT'
 'ADAUPUSDT' 'ADAUSDT']","[0, 0, 1, 1, 0, 1, 0, 0, 1]","[0, 0, 1, 1, 0, 1, 0, 0, 1]","[0, 0, 1, 1, 0, 1, 0, 0, 1]",0.019436618444789912,0.019436618444789912,0.019436618444789912
"['ADXUSDT' 'BARUSDT' 'BUSDUSDT' 'DENTUSDT' 'AVAUSDT' 'ATMUSDT' 'DARUSDT'
 'BNXUSDT' 'BATUSDT']","[0, 0, 1, 1, 0, 1, 0, 0, 1]","[0, 0, 1, 1, 0, 1, 0, 0, 1]","[0, 0, 1, 1, 0, 1, 0, 0, 1]",0.012996660092910147,0.012996660092910147,0.012996660092910147
"['ADAUSDT' 'CTSIUSDT' 'ACHUSDT' 'ASTRUSDT' 'CHZUSDT' 'DGBUSDT' 'XRPUSDT'
 'DATAUSDT' 'DASHUSDT']","[1, 0, 0, 0, 0, 1, 1, 0, 1]","[1, 0, 0, 0, 0, 1, 1, 0, 1]","[1, 0, 0, 0, 0, 1, 1, 0, 1]",0.019102003711254756,0.019102003711254756,0.019102003711254756
"['ARBUSDT' 'ALPINEUSDT' '1INCHUSDT' 'API3USDT' 'COSUSDT' 'BANDUSDT'
 'BUSDUSDT' 'ATMUSDT' 'CKBUSDT']","[1, 0, 0, 0, 1, 0, 1, 1, 0]","[1, 0, 0, 0, 1, 0, 1, 1, 0]","[1, 0, 0, 0, 1, 0, 1, 1, 0]",0.01243559876306576,0.01243559876306576,0.01243559876306576
"['DFUSDT' 'ATMUSDT' 'BNBUPUSDT' 'BNBDOWNUSDT' 'BLZUSDT' 'AXSUSDT'
 'ALPHAUSDT' 'AKROUSDT' 'C98USDT']","[0, 1, 0, 1, 0, 1, 0, 1, 0]","[0, 1, 0, 1, 0, 1, 0, 1, 0]","[0, 1, 0, 1, 0, 1, 0, 1, 0]",-0.001619652843495602,-0.001619652843495602,-0.001619652843495602
"['ATAUSDT' 'BTSUSDT' 'ARPAUSDT' 'AVABUSD' 'ACMUSDT' 'AKROUSDT' 'AVAUSDT'
 '1INCHUSDT' 'ANKRUSDT']","[0, 1, 1, 0, 0, 1, 1, 0, 0]","[0, 1, 1, 0, 0, 1, 1, 0, 0]","[0, 1, 1, 0, 0, 1, 1, 0, 0]",0.0025811296263283144,0.0025811296263283144,0.0025811296263283144
"['CRVUSDT' 'CFXUSDT' 'ALICEUSDT' 'CKBUSDT' 'BADGERUSDT' 'BTCUSDT'
 'BARUSDT' 'CELRUSDT' 'BURGERUSDT']","[1, 0, 0, 1, 1, 1, 0, 0, 0]","[1, 0, 0, 1, 1, 1, 0, 0, 0]","[1, 0, 0, 1, 1, 1, 0, 0, 0]",0.017747287475489378,0.017747287475489378,0.017747287475489378
"['ATMUSDT' 'CHESSUSDT' 'BSWUSDT' 'CTSIUSDT' 'ARPAUSDT' 'DODOUSDT'
 'XRPUSDT' 'ACMUSDT' 'ATOMUSDT']","[1, 0, 0, 0, 1, 0, 1, 0, 1]","[1, 0, 0, 0, 1, 0, 1, 0, 1]","[1, 0, 0, 0, 1, 0, 1, 0, 1]",0.0067887894101227725,0.0067887894101227725,0.0067887894101227725
"['ADAUSDT' 'CTKUSDT' 'ARPAUSDT' 'ETHUSDT' 'AVAXUSDT' 'BAKEUSDT' 'CELOUSDT'
 'ALPACAUSDT' 'DATAUSDT']","[0, 1, 1, 1, 1, 0, 0, 0, 0]","[0, 1, 1, 1, 1, 0, 0, 0, 0]","[0, 1, 1, 1, 0, 0, 0, 0, 1]",0.008751765540234536,0.008751765540234536,0.009648687471689954
"['CITYUSDT' 'AKROUSDT' 'ARPAUSDT' 'ATMUSDT' 'DASHUSDT' 'ADAUSDT' 'BNXUSDT'
 'BSWUSDT' 'ALPINEUSDT']","[0, 1, 1, 1, 1, 0, 0, 0, 0]","[0, 1, 1, 1, 1, 0, 0, 0, 0]","[0, 1, 1, 1, 1, 0, 0, 0, 0]",0.004079501898029101,0.004079501898029101,0.004079501898029101
"['BETAUSDT' 'ACHUSDT' 'CELRUSDT' 'ARDRUSDT' 'CHZUSDT' 'ADAUSDT' 'AVABUSD'
 'BURGERUSDT' 'AGIXUSDT']","[1, 0, 0, 1, 0, 1, 1, 0, 0]","[1, 0, 0, 1, 0, 1, 1, 0, 0]","[1, 0, 0, 1, 0, 1, 1, 0, 0]",0.022316881823451838,0.022316881823451838,0.022316881823451838
